{"stats":{"minecraft:mined":{"minecraft:short_grass":2},"minecraft:picked_up":{"minecraft:beef":1,"minecraft:feather":1,"minecraft:chicken":2},"minecraft:custom":{"minecraft:jump":52,"minecraft:time_since_rest":1488,"minecraft:damage_dealt":180,"minecraft:leave_game":1,"minecraft:sprint_one_cm":3295,"minecraft:play_time":1488,"minecraft:time_since_death":1488,"minecraft:walk_one_cm":5205,"minecraft:sneak_time":19,"minecraft:total_world_time":1488,"minecraft:mob_kills":3,"minecraft:fall_one_cm":836,"minecraft:fly_one_cm":5028},"minecraft:killed":{"minecraft:chicken":2,"minecraft:cow":1}},"DataVersion":3953}