{"stats":{"minecraft:killed":{"minecraft:sheep":4,"minecraft:skeleton":1,"minecraft:cow":1},"minecraft:crafted":{"minecraft:oak_planks":36,"minecraft:stone_shovel":1,"minecraft:crafting_table":1,"minecraft:stick":16,"minecraft:wooden_pickaxe":1,"minecraft:stone_pickaxe":1,"minecraft:stone_sword":1,"minecraft:furnace":3,"minecraft:white_bed":1,"minecraft:stone_axe":1,"minecraft:air":0,"minecraft:cooked_mutton":6},"minecraft:mined":{"minecraft:white_bed":1,"minecraft:furnace":2,"minecraft:dandelion":2,"minecraft:pumpkin":4,"minecraft:crafting_table":2,"minecraft:short_grass":1,"minecraft:grass_block":1,"minecraft:oak_log":9,"minecraft:dirt":2,"minecraft:stone":84,"minecraft:oak_leaves":1},"minecraft:used":{"minecraft:cooked_mutton":1,"minecraft:stone_shovel":3,"minecraft:stone_pickaxe":54,"minecraft:wooden_pickaxe":35,"minecraft:stone_axe":19,"minecraft:beef":1,"minecraft:crafting_table":2,"minecraft:furnace":2,"minecraft:white_bed":1},"minecraft:dropped":{"minecraft:stone_sword":1},"minecraft:picked_up":{"minecraft:stick":4,"minecraft:crafting_table":2,"minecraft:pumpkin":4,"minecraft:leather":1,"minecraft:dandelion":2,"minecraft:oak_log":9,"minecraft:white_bed":1,"minecraft:dirt":3,"minecraft:stone_sword":1,"minecraft:arrow":2,"minecraft:bone":2,"minecraft:beef":1,"minecraft:oak_sapling":2,"minecraft:oak_planks":14,"minecraft:mutton":6,"minecraft:white_wool":4,"minecraft:cobblestone":84,"minecraft:furnace":2},"minecraft:custom":{"minecraft:time_since_rest":11181,"minecraft:interact_with_furnace":7,"minecraft:sprint_one_cm":24773,"minecraft:damage_taken":85,"minecraft:walk_one_cm":27463,"minecraft:mob_kills":6,"minecraft:drop":1,"minecraft:damage_dealt":620,"minecraft:interact_with_crafting_table":4,"minecraft:fly_one_cm":28733,"minecraft:crouch_one_cm":132,"minecraft:play_time":19441,"minecraft:sneak_time":2074,"minecraft:jump":203,"minecraft:leave_game":1,"minecraft:time_since_death":19441,"minecraft:sleep_in_bed":1,"minecraft:total_world_time":19441,"minecraft:fall_one_cm":8465}},"DataVersion":3953}