{"stats":{"minecraft:used":{"minecraft:diorite":3,"minecraft:stone_pickaxe":24,"minecraft:wooden_pickaxe":36,"minecraft:shield":5,"minecraft:iron_sword":26,"minecraft:white_wool":6,"minecraft:dirt":2,"minecraft:crafting_table":4,"minecraft:bread":10,"minecraft:iron_pickaxe":47,"minecraft:cobblestone":27,"minecraft:furnace":1,"minecraft:yellow_bed":1,"minecraft:cooked_beef":3},"minecraft:picked_up":{"minecraft:crafting_table":3,"minecraft:cooked_beef":4,"minecraft:jungle_log":30,"minecraft:leather":3,"minecraft:oak_log":9,"minecraft:yellow_bed":1,"minecraft:dirt":2,"minecraft:string":2,"minecraft:raw_copper":6,"minecraft:bone":2,"minecraft:bow":1,"minecraft:beef":21,"minecraft:iron_ingot":8,"minecraft:stone_pickaxe":1,"minecraft:jungle_sapling":3,"minecraft:poppy":1,"minecraft:iron_pickaxe":2,"minecraft:oak_planks":50,"minecraft:furnace":1,"minecraft:raw_iron":10,"minecraft:stick":6,"minecraft:diorite":5,"minecraft:arrow":2,"minecraft:rotten_flesh":2,"minecraft:hay_block":13,"minecraft:bread":70,"minecraft:oak_sapling":3,"minecraft:mutton":15,"minecraft:coal":10,"minecraft:white_wool":15,"minecraft:cobblestone":54},"minecraft:crafted":{"minecraft:cooked_beef":3,"minecraft:oak_planks":36,"minecraft:crafting_table":2,"minecraft:wooden_pickaxe":1,"minecraft:iron_sword":1,"minecraft:furnace":1,"minecraft:bread":39,"minecraft:air":0,"minecraft:shield":1,"minecraft:stick":8,"minecraft:iron_ingot":3,"minecraft:iron_pickaxe":1,"minecraft:stone_pickaxe":1,"minecraft:wheat":117},"minecraft:custom":{"minecraft:interact_with_furnace":6,"minecraft:mob_kills":13,"minecraft:interact_with_crafting_table":6,"minecraft:time_since_death":14716,"minecraft:sleep_in_bed":2,"minecraft:climb_one_cm":2387,"minecraft:time_since_rest":7961,"minecraft:sprint_one_cm":126089,"minecraft:damage_taken":1187,"minecraft:walk_one_cm":52035,"minecraft:damage_blocked_by_shield":555,"minecraft:drop":5,"minecraft:damage_dealt":3662,"minecraft:talked_to_villager":1,"minecraft:swim_one_cm":9927,"minecraft:fly_one_cm":151544,"minecraft:open_chest":1,"minecraft:crouch_one_cm":1811,"minecraft:play_time":29964,"minecraft:deaths":2,"minecraft:sneak_time":2031,"minecraft:walk_under_water_one_cm":701,"minecraft:jump":719,"minecraft:walk_on_water_one_cm":2904,"minecraft:total_world_time":29964,"minecraft:fall_one_cm":20173},"minecraft:broken":{"minecraft:wooden_pickaxe":1},"minecraft:mined":{"minecraft:jungle_leaves":3,"minecraft:crafting_table":3,"minecraft:short_grass":3,"minecraft:grass_block":1,"minecraft:jungle_log":30,"minecraft:cobblestone":4,"minecraft:diorite":2,"minecraft:hay_block":13,"minecraft:furnace":1,"minecraft:iron_ore":10,"minecraft:yellow_bed":1,"minecraft:oak_log":9,"minecraft:coal_ore":10,"minecraft:vine":5,"minecraft:dirt":1,"minecraft:stone":28,"minecraft:white_wool":6,"minecraft:oak_leaves":2},"minecraft:killed_by":{"minecraft:spider":1,"minecraft:zombie":1},"minecraft:killed":{"minecraft:spider":1,"minecraft:iron_golem":2,"minecraft:sheep":3,"minecraft:skeleton":1,"minecraft:zombie":3,"minecraft:cow":3},"minecraft:dropped":{"minecraft:iron_ingot":5,"minecraft:furnace":1,"minecraft:raw_iron":7,"minecraft:coal":8,"minecraft:string":2}},"DataVersion":3953}