{"stats":{"minecraft:used":{"minecraft:crafting_table":1,"minecraft:stone_pickaxe":7,"minecraft:wooden_pickaxe":11},"minecraft:crafted":{"minecraft:furnace":1,"minecraft:oak_planks":36,"minecraft:stick":8,"minecraft:wooden_pickaxe":1,"minecraft:stone_pickaxe":1},"minecraft:picked_up":{"minecraft:crafting_table":2,"minecraft:beef":5,"minecraft:oak_log":9,"minecraft:oak_sapling":1,"minecraft:cobblestone":11},"minecraft:custom":{"minecraft:time_since_rest":5964,"minecraft:crouch_one_cm":53,"minecraft:play_time":5964,"minecraft:sprint_one_cm":20070,"minecraft:damage_taken":20,"minecraft:walk_one_cm":4669,"minecraft:sneak_time":283,"minecraft:mob_kills":2,"minecraft:jump":138,"minecraft:damage_dealt":200,"minecraft:time_since_death":5964,"minecraft:total_world_time":5964,"minecraft:fall_one_cm":5885,"minecraft:interact_with_crafting_table":2,"minecraft:fly_one_cm":42092},"minecraft:mined":{"minecraft:short_grass":2,"minecraft:oak_log":9,"minecraft:stone":11,"minecraft:oak_leaves":2,"minecraft:crafting_table":2},"minecraft:killed":{"minecraft:cow":2}},"DataVersion":3953}