{"stats":{"minecraft:used":{"minecraft:diorite":2,"minecraft:bread":4,"minecraft:stone_pickaxe":24,"minecraft:iron_pickaxe":29,"minecraft:wooden_pickaxe":36,"minecraft:iron_sword":2,"minecraft:white_wool":3,"minecraft:cobblestone":4,"minecraft:crafting_table":4,"minecraft:furnace":1,"minecraft:cooked_beef":2,"minecraft:yellow_bed":1},"minecraft:picked_up":{"minecraft:stick":4,"minecraft:raw_iron":3,"minecraft:crafting_table":2,"minecraft:leather":3,"minecraft:oak_log":9,"minecraft:diorite":4,"minecraft:yellow_bed":1,"minecraft:hay_block":13,"minecraft:iron_ingot":3,"minecraft:beef":21,"minecraft:stone_pickaxe":1,"minecraft:bread":70,"minecraft:iron_pickaxe":2,"minecraft:oak_planks":50,"minecraft:coal":2,"minecraft:oak_sapling":3,"minecraft:mutton":15,"minecraft:cobblestone":49,"minecraft:white_wool":12},"minecraft:crafted":{"minecraft:cooked_beef":3,"minecraft:oak_planks":36,"minecraft:shield":1,"minecraft:crafting_table":2,"minecraft:stick":8,"minecraft:iron_ingot":3,"minecraft:wooden_pickaxe":1,"minecraft:iron_pickaxe":1,"minecraft:stone_pickaxe":1,"minecraft:iron_sword":1,"minecraft:furnace":1,"minecraft:air":0,"minecraft:bread":39,"minecraft:wheat":117},"minecraft:custom":{"minecraft:time_since_rest":2750,"minecraft:interact_with_furnace":6,"minecraft:sprint_one_cm":72023,"minecraft:damage_taken":885,"minecraft:walk_one_cm":34971,"minecraft:mob_kills":9,"minecraft:damage_dealt":2002,"minecraft:swim_one_cm":6031,"minecraft:interact_with_crafting_table":6,"minecraft:fly_one_cm":83315,"minecraft:open_chest":1,"minecraft:deaths":2,"minecraft:crouch_one_cm":1614,"minecraft:play_time":17964,"minecraft:sneak_time":1627,"minecraft:walk_under_water_one_cm":413,"minecraft:jump":389,"minecraft:time_since_death":2716,"minecraft:walk_on_water_one_cm":157,"minecraft:sleep_in_bed":1,"minecraft:total_world_time":17964,"minecraft:fall_one_cm":14294},"minecraft:broken":{"minecraft:wooden_pickaxe":1},"minecraft:mined":{"minecraft:hay_block":13,"minecraft:iron_ore":3,"minecraft:yellow_bed":1,"minecraft:crafting_table":2,"minecraft:short_grass":3,"minecraft:coal_ore":2,"minecraft:oak_log":9,"minecraft:cobblestone":4,"minecraft:diorite":1,"minecraft:stone":28,"minecraft:white_wool":3,"minecraft:oak_leaves":2},"minecraft:killed_by":{"minecraft:spider":1,"minecraft:zombie":1},"minecraft:killed":{"minecraft:sheep":3,"minecraft:zombie":2,"minecraft:iron_golem":1,"minecraft:cow":3}},"DataVersion":3953}