{"stats":{"minecraft:picked_up":{"minecraft:stick":2,"minecraft:crafting_table":4,"minecraft:feather":7,"minecraft:chicken":6,"minecraft:oak_fence":3,"minecraft:leather":5,"minecraft:torch":4,"minecraft:oak_log":41,"minecraft:white_bed":1,"minecraft:oak_trapdoor":3,"minecraft:dirt":8,"minecraft:beef":13,"minecraft:stripped_oak_wood":1,"minecraft:oak_planks":4,"minecraft:oak_sapling":1,"minecraft:sugar_cane":6,"minecraft:mutton":3,"minecraft:white_wool":3,"minecraft:cobblestone":28,"minecraft:furnace":2},"minecraft:used":{"minecraft:oak_trapdoor":5,"minecraft:wooden_axe":20,"minecraft:stone_sword":3,"minecraft:stone_shovel":9,"minecraft:stone_pickaxe":14,"minecraft:oak_planks":30,"minecraft:wooden_pickaxe":16,"minecraft:stone_axe":47,"minecraft:crafting_table":4,"minecraft:furnace":2,"minecraft:white_bed":1,"minecraft:cooked_beef":3},"minecraft:crafted":{"minecraft:cooked_beef":13,"minecraft:oak_planks":148,"minecraft:stone_shovel":1,"minecraft:charcoal":5,"minecraft:crafting_table":2,"minecraft:stick":12,"minecraft:wooden_pickaxe":1,"minecraft:cooked_chicken":6,"minecraft:stone_pickaxe":1,"minecraft:wooden_axe":1,"minecraft:stone_sword":1,"minecraft:furnace":2,"minecraft:white_bed":1,"minecraft:stone_hoe":1,"minecraft:stone_axe":1,"minecraft:cooked_mutton":3,"minecraft:air":0,"minecraft:oak_trapdoor":2},"minecraft:custom":{"minecraft:time_since_rest":8748,"minecraft:interact_with_furnace":15,"minecraft:sprint_one_cm":55863,"minecraft:damage_taken":30,"minecraft:walk_one_cm":34207,"minecraft:mob_kills":15,"minecraft:drop":2,"minecraft:damage_dealt":1080,"minecraft:swim_one_cm":5247,"minecraft:interact_with_crafting_table":7,"minecraft:fly_one_cm":125707,"minecraft:crouch_one_cm":2244,"minecraft:play_time":17948,"minecraft:sneak_time":1029,"minecraft:walk_under_water_one_cm":708,"minecraft:jump":492,"minecraft:walk_on_water_one_cm":1194,"minecraft:time_since_death":17948,"minecraft:sleep_in_bed":1,"minecraft:total_world_time":17948,"minecraft:fall_one_cm":18217},"minecraft:mined":{"minecraft:oak_trapdoor":3,"minecraft:white_bed":1,"minecraft:furnace":2,"minecraft:stripped_oak_wood":1,"minecraft:oak_fence":3,"minecraft:crafting_table":4,"minecraft:short_grass":4,"minecraft:grass_block":1,"minecraft:oak_log":41,"minecraft:dirt_path":7,"minecraft:tall_grass":3,"minecraft:oak_planks":4,"minecraft:stone":28,"minecraft:sugar_cane":3,"minecraft:oak_leaves":5},"minecraft:dropped":{"minecraft:wooden_axe":1,"minecraft:wooden_pickaxe":1},"minecraft:killed":{"minecraft:sheep":3,"minecraft:chicken":6,"minecraft:cow":6}},"DataVersion":3953}