{"stats":{"minecraft:crafted":{"minecraft:oak_planks":40,"minecraft:crafting_table":2,"minecraft:stick":8,"minecraft:wooden_pickaxe":1,"minecraft:stone_pickaxe":1,"minecraft:wooden_axe":1,"minecraft:stone_sword":1,"minecraft:furnace":1,"minecraft:white_bed":1,"minecraft:stone_axe":1},"minecraft:used":{"minecraft:wooden_axe":20,"minecraft:stone_pickaxe":9,"minecraft:wooden_pickaxe":16,"minecraft:stone_axe":6,"minecraft:crafting_table":3,"minecraft:furnace":1},"minecraft:picked_up":{"minecraft:stick":2,"minecraft:crafting_table":2,"minecraft:feather":7,"minecraft:chicken":6,"minecraft:leather":5,"minecraft:oak_log":15,"minecraft:beef":13,"minecraft:oak_sapling":1,"minecraft:mutton":3,"minecraft:white_wool":3,"minecraft:cobblestone":25},"minecraft:custom":{"minecraft:time_since_rest":5948,"minecraft:interact_with_furnace":1,"minecraft:sprint_one_cm":23051,"minecraft:damage_taken":10,"minecraft:walk_one_cm":7664,"minecraft:mob_kills":15,"minecraft:drop":2,"minecraft:damage_dealt":1080,"minecraft:interact_with_crafting_table":3,"minecraft:fly_one_cm":60498,"minecraft:crouch_one_cm":1195,"minecraft:play_time":5948,"minecraft:sneak_time":546,"minecraft:jump":217,"minecraft:time_since_death":5948,"minecraft:total_world_time":5948,"minecraft:fall_one_cm":8952},"minecraft:mined":{"minecraft:crafting_table":2,"minecraft:oak_log":15,"minecraft:tall_grass":3,"minecraft:stone":25},"minecraft:dropped":{"minecraft:wooden_axe":1,"minecraft:wooden_pickaxe":1},"minecraft:killed":{"minecraft:sheep":3,"minecraft:chicken":6,"minecraft:cow":6}},"DataVersion":3953}