{"stats":{"minecraft:picked_up":{"minecraft:crafting_table":4,"minecraft:feather":7,"minecraft:chicken":6,"minecraft:leather":10,"minecraft:flint":1,"minecraft:oak_log":41,"minecraft:brewing_stand":2,"minecraft:string":15,"minecraft:dirt":24,"minecraft:oak_trapdoor":3,"minecraft:stonecutter":1,"minecraft:beef":20,"minecraft:iron_ingot":5,"minecraft:stripped_oak_wood":1,"minecraft:sugar_cane":6,"minecraft:oak_planks":4,"minecraft:furnace":3,"minecraft:stick":6,"minecraft:raw_iron":7,"minecraft:composter":1,"minecraft:oak_fence":3,"minecraft:torch":4,"minecraft:gravel":28,"minecraft:white_bed":1,"minecraft:barrel":1,"minecraft:oak_sapling":4,"minecraft:mutton":3,"minecraft:coal":24,"minecraft:white_wool":3,"minecraft:cobblestone":28},"minecraft:used":{"minecraft:oak_trapdoor":5,"minecraft:water_bucket":7,"minecraft:stone_sword":11,"minecraft:stone_shovel":56,"minecraft:stone_pickaxe":33,"minecraft:oak_planks":31,"minecraft:wooden_pickaxe":16,"minecraft:dirt":4,"minecraft:crafting_table":6,"minecraft:white_bed":1,"minecraft:shears":7,"minecraft:wooden_axe":20,"minecraft:lever":1,"minecraft:string":14,"minecraft:gravel":1,"minecraft:barrel":5,"minecraft:stone_axe":49,"minecraft:tripwire_hook":2,"minecraft:furnace":5,"minecraft:bucket":7,"minecraft:cooked_beef":4},"minecraft:crafted":{"minecraft:cooked_beef":13,"minecraft:oak_slab":24,"minecraft:oak_planks":148,"minecraft:stone_shovel":1,"minecraft:barrel":11,"minecraft:tripwire_hook":2,"minecraft:crafting_table":2,"minecraft:wooden_pickaxe":1,"minecraft:cooked_chicken":6,"minecraft:furnace":2,"minecraft:lever":1,"minecraft:bucket":1,"minecraft:stone_axe":1,"minecraft:cooked_mutton":3,"minecraft:air":0,"minecraft:oak_trapdoor":2,"minecraft:charcoal":5,"minecraft:stick":12,"minecraft:iron_ingot":7,"minecraft:stone_pickaxe":1,"minecraft:wooden_axe":1,"minecraft:stone_sword":1,"minecraft:white_bed":1,"minecraft:stone_hoe":1,"minecraft:shears":1},"minecraft:custom":{"minecraft:interact_with_furnace":23,"minecraft:mob_kills":19,"minecraft:interact_with_crafting_table":10,"minecraft:leave_game":4,"minecraft:time_since_death":32980,"minecraft:sleep_in_bed":2,"minecraft:time_since_rest":10337,"minecraft:sprint_one_cm":98741,"minecraft:damage_taken":30,"minecraft:walk_one_cm":57016,"minecraft:drop":4,"minecraft:damage_dealt":1480,"minecraft:talked_to_villager":2,"minecraft:swim_one_cm":5247,"minecraft:fly_one_cm":214611,"minecraft:open_chest":1,"minecraft:crouch_one_cm":4494,"minecraft:play_time":32980,"minecraft:sneak_time":1951,"minecraft:walk_under_water_one_cm":1104,"minecraft:jump":856,"minecraft:walk_on_water_one_cm":7535,"minecraft:total_world_time":32980,"minecraft:fall_one_cm":27045},"minecraft:mined":{"minecraft:white_bed":1,"minecraft:brewing_stand":2,"minecraft:oak_fence":3,"minecraft:crafting_table":4,"minecraft:short_grass":7,"minecraft:grass_block":13,"minecraft:tall_grass":3,"minecraft:sugar_cane":3,"minecraft:oak_planks":4,"minecraft:composter":1,"minecraft:oak_trapdoor":3,"minecraft:furnace":2,"minecraft:barrel":1,"minecraft:stripped_oak_wood":1,"minecraft:oak_log":41,"minecraft:coal_ore":16,"minecraft:dirt_path":7,"minecraft:gravel":29,"minecraft:dirt":4,"minecraft:stonecutter":1,"minecraft:stone":28,"minecraft:oak_leaves":5,"minecraft:tripwire":7},"minecraft:killed":{"minecraft:sheep":3,"minecraft:chicken":6,"minecraft:cow":10},"minecraft:dropped":{"minecraft:shears":1,"minecraft:wooden_axe":1,"minecraft:wooden_pickaxe":1,"minecraft:string":1}},"DataVersion":3953}